{
	"credit": "Made with Blockbench",
	"texture_size": [4, 4],
	"textures": {
		"0": "item/custom/beach_chair"
	},
	"elements": [
		{
			"from": [1, 8.2, -6.4],
			"to": [15, 10.2, 1.6],
			"rotation": {"angle": -22.5, "axis": "x", "origin": [8, 0, 8]},
			"faces": {
				"north": {"uv": [2, 5, 4, 14], "texture": "#0"},
				"east": {"uv": [2, 5, 4, 14], "texture": "#0"},
				"south": {"uv": [2, 5, 4, 14], "texture": "#0"},
				"west": {"uv": [2, 5, 4, 14], "texture": "#0"},
				"up": {"uv": [0, 0, 14, 9], "texture": "#0"},
				"down": {"uv": [0, 0, 14, 14], "texture": "#0"}
			}
		},
		{
			"from": [1, 5, -2],
			"to": [15, 7, 14.55],
			"rotation": {"angle": 0, "axis": "y", "origin": [8, 0, 8]},
			"faces": {
				"north": {"uv": [2, 2, 4, 15], "texture": "#0"},
				"east": {"uv": [2, 2, 4, 15], "texture": "#0"},
				"south": {"uv": [2, 2, 4, 15], "texture": "#0"},
				"west": {"uv": [2, 2, 4, 15], "texture": "#0"},
				"up": {"uv": [0, 2, 14, 15], "texture": "#0"},
				"down": {"uv": [2, 2, 4, 15], "texture": "#0"}
			}
		},
		{
			"from": [1, 0, 17.3],
			"to": [15, 2, 30.3],
			"rotation": {"angle": -45, "axis": "x", "origin": [8, -1.4, 9.3]},
			"faces": {
				"north": {"uv": [2, 14, 4, 5], "texture": "#0"},
				"east": {"uv": [2, 14, 4, 5], "texture": "#0"},
				"south": {"uv": [2, 14, 4, 5], "texture": "#0"},
				"west": {"uv": [2, 14, 4, 5], "texture": "#0"},
				"up": {"uv": [0, 14, 14, 0], "texture": "#0"},
				"down": {"uv": [2, 14, 4, 5], "texture": "#0"}
			}
		},
		{
			"from": [0.9, 4.1, -1.4],
			"to": [15.1, 5, 14.6],
			"rotation": {"angle": 0, "axis": "y", "origin": [8, 0, 8]},
			"faces": {
				"north": {"uv": [14, 2, 16.4, 16], "texture": "#0"},
				"east": {"uv": [14, 2, 16.4, 16], "texture": "#0"},
				"south": {"uv": [14, 2, 16.4, 16], "texture": "#0"},
				"west": {"uv": [14, 2, 16.4, 16], "texture": "#0"},
				"up": {"uv": [14, 2, 16.4, 16], "texture": "#0"},
				"down": {"uv": [14, 2, 16.4, 16], "texture": "#0"}
			}
		},
		{
			"from": [0.9, 7.45, -6.55],
			"to": [15.1, 8.35, 1.45],
			"rotation": {"angle": -22.5, "axis": "x", "origin": [8, 0, 8]},
			"faces": {
				"north": {"uv": [14, 2, 16.4, 16], "texture": "#0"},
				"east": {"uv": [14, 2, 16.4, 16], "texture": "#0"},
				"south": {"uv": [14, 2, 16.4, 16], "texture": "#0"},
				"west": {"uv": [14, 2, 16.4, 16], "texture": "#0"},
				"up": {"uv": [14, 2, 16.4, 16], "texture": "#0"},
				"down": {"uv": [14, 2, 16.4, 16], "texture": "#0"}
			}
		},
		{
			"from": [0.9, -0.7, 16.9],
			"to": [15.1, 0.1, 30.6],
			"rotation": {"angle": -45, "axis": "x", "origin": [8, -1.4, 9.3]},
			"faces": {
				"north": {"uv": [14, 2, 16.4, 16], "texture": "#0"},
				"east": {"uv": [14, 2, 16.4, 16], "texture": "#0"},
				"south": {"uv": [14, 2, 16.4, 16], "texture": "#0"},
				"west": {"uv": [14, 2, 16.4, 16], "texture": "#0"},
				"up": {"uv": [14, 2, 16.4, 16], "texture": "#0"},
				"down": {"uv": [14, 2, 16.4, 16], "texture": "#0"}
			}
		},
		{
			"from": [15, 6, 4],
			"to": [18, 8.5, 17.4],
			"rotation": {"angle": 0, "axis": "y", "origin": [8, 0, 8]},
			"faces": {
				"north": {"uv": [14, 2, 16.4, 16], "texture": "#0"},
				"east": {"uv": [14, 2, 16.4, 16], "texture": "#0"},
				"south": {"uv": [14, 2, 16.4, 16], "texture": "#0"},
				"west": {"uv": [14, 2, 16.4, 16], "texture": "#0"},
				"up": {"uv": [14, 2, 16.4, 16], "texture": "#0"},
				"down": {"uv": [14, 2, 16.4, 16], "texture": "#0"}
			}
		},
		{
			"from": [16, 5.75, 2.25],
			"to": [17, 6.75, 12.9],
			"rotation": {"angle": -45, "axis": "x", "origin": [8, 0, 8]},
			"faces": {
				"north": {"uv": [14, 2, 16.4, 16], "texture": "#0"},
				"east": {"uv": [14, 2, 16.4, 16], "texture": "#0"},
				"south": {"uv": [14, 2, 16.4, 16], "texture": "#0"},
				"west": {"uv": [14, 2, 16.4, 16], "texture": "#0"},
				"up": {"uv": [14, 2, 16.4, 16], "texture": "#0"},
				"down": {"uv": [14, 2, 16.4, 16], "texture": "#0"}
			}
		},
		{
			"from": [16, 8.75, 7.75],
			"to": [17, 9.75, 16.1],
			"rotation": {"angle": 45, "axis": "x", "origin": [8, 0, 8]},
			"faces": {
				"north": {"uv": [14, 2, 16.4, 16], "texture": "#0"},
				"east": {"uv": [14, 2, 16.4, 16], "texture": "#0"},
				"south": {"uv": [14, 2, 16.4, 16], "texture": "#0"},
				"west": {"uv": [14, 2, 16.4, 16], "texture": "#0"},
				"up": {"uv": [14, 2, 16.4, 16], "texture": "#0"},
				"down": {"uv": [14, 2, 16.4, 16], "texture": "#0"}
			}
		},
		{
			"from": [-2, 6, 4],
			"to": [1, 8.5, 17.4],
			"rotation": {"angle": 0, "axis": "y", "origin": [-9, 0, 8]},
			"faces": {
				"north": {"uv": [14, 2, 16.4, 16], "texture": "#0"},
				"east": {"uv": [14, 2, 16.4, 16], "texture": "#0"},
				"south": {"uv": [14, 2, 16.4, 16], "texture": "#0"},
				"west": {"uv": [14, 2, 16.4, 16], "texture": "#0"},
				"up": {"uv": [14, 2, 16.4, 16], "texture": "#0"},
				"down": {"uv": [14, 2, 16.4, 16], "texture": "#0"}
			}
		},
		{
			"from": [16, 0, -0.85],
			"to": [17.25, 1, 21],
			"rotation": {"angle": 0, "axis": "y", "origin": [-9, 0, 8]},
			"faces": {
				"north": {"uv": [14, 2, 16.4, 16], "texture": "#0"},
				"east": {"uv": [14, 2, 16.4, 16], "texture": "#0"},
				"south": {"uv": [14, 2, 16.4, 16], "texture": "#0"},
				"west": {"uv": [14, 2, 16.4, 16], "texture": "#0"},
				"up": {"uv": [14, 2, 16.4, 16], "texture": "#0"},
				"down": {"uv": [14, 2, 16.4, 16], "texture": "#0"}
			}
		},
		{
			"from": [-1, 0, -0.85],
			"to": [0.25, 1, 21],
			"rotation": {"angle": 0, "axis": "y", "origin": [-9, 0, 8]},
			"faces": {
				"north": {"uv": [14, 2, 16.4, 16], "texture": "#0"},
				"east": {"uv": [14, 2, 16.4, 16], "texture": "#0"},
				"south": {"uv": [14, 2, 16.4, 16], "texture": "#0"},
				"west": {"uv": [14, 2, 16.4, 16], "texture": "#0"},
				"up": {"uv": [14, 2, 16.4, 16], "texture": "#0"},
				"down": {"uv": [14, 2, 16.4, 16], "texture": "#0"}
			}
		},
		{
			"from": [-1, 5.75, 2.25],
			"to": [0, 6.75, 12.9],
			"rotation": {"angle": -45, "axis": "x", "origin": [-9, 0, 8]},
			"faces": {
				"north": {"uv": [14, 2, 16.4, 16], "texture": "#0"},
				"east": {"uv": [14, 2, 16.4, 16], "texture": "#0"},
				"south": {"uv": [14, 2, 16.4, 16], "texture": "#0"},
				"west": {"uv": [14, 2, 16.4, 16], "texture": "#0"},
				"up": {"uv": [14, 2, 16.4, 16], "texture": "#0"},
				"down": {"uv": [14, 2, 16.4, 16], "texture": "#0"}
			}
		},
		{
			"from": [-1, 7.75, 6.75],
			"to": [0, 8.75, 15.1],
			"rotation": {"angle": 45, "axis": "x", "origin": [-9, 0, 8]},
			"faces": {
				"north": {"uv": [14, 2, 16.4, 16], "texture": "#0"},
				"east": {"uv": [14, 2, 16.4, 16], "texture": "#0"},
				"south": {"uv": [14, 2, 16.4, 16], "texture": "#0"},
				"west": {"uv": [14, 2, 16.4, 16], "texture": "#0"},
				"up": {"uv": [14, 2, 16.4, 16], "texture": "#0"},
				"down": {"uv": [14, 2, 16.4, 16], "texture": "#0"}
			}
		}
	],
	"groups": [
		{
			"name": "matt",
			"origin": [8, 0, 8],
			"color": 0,
			"children": [0, 1, 2]
		},
		{
			"name": "bottommetal",
			"origin": [8, 0, 8],
			"color": 0,
			"children": [3, 4, 5]
		},
		{
			"name": "metalsides",
			"origin": [8, 0, 8],
			"color": 0,
			"children": [6, 7, 8, 9, 10, 11, 12, 13]
		}
	]
}