{
	"credit": "Made with Blockbench",
	"textures": {
		"0": "item/custom/umbrella"
	},
	"elements": [
		{
			"from": [7.5, 0, 7.5],
			"to": [8.5, 15.75, 8.5],
			"rotation": {"angle": 0, "axis": "y", "origin": [8, 0, 8]},
			"faces": {
				"north": {"uv": [3, 0, 4, 14], "texture": "#0"},
				"east": {"uv": [3, 0, 4, 14], "texture": "#0"},
				"south": {"uv": [3, 0, 4, 14], "texture": "#0"},
				"west": {"uv": [3, 0, 4, 14], "texture": "#0"},
				"up": {"uv": [4, 0, 5, 1], "texture": "#0"},
				"down": {"uv": [3, 0, 4, 14], "texture": "#0"}
			}
		},
		{
			"from": [0.5, 9, 0.5],
			"to": [15.5, 15, 0.5],
			"rotation": {"angle": 0, "axis": "y", "origin": [8, 14.5, 8]},
			"faces": {
				"north": {"uv": [5.5, 0, 13.5, 3], "texture": "#0"},
				"east": {"uv": [5.5, 0, 13.5, 3], "texture": "#0"},
				"south": {"uv": [5.5, 0, 13.5, 3], "texture": "#0"},
				"west": {"uv": [5.5, 0, 13.5, 3], "texture": "#0"},
				"up": {"uv": [5, 4, 14.5, 12.5], "texture": "#0"}
			}
		},
		{
			"from": [0.5, 9, 0.5],
			"to": [0.5, 15, 15.5],
			"rotation": {"angle": 0, "axis": "y", "origin": [8, 14.5, 8]},
			"faces": {
				"north": {"uv": [5.5, 0, 13.5, 3], "texture": "#0"},
				"east": {"uv": [5.5, 0, 13.5, 3], "texture": "#0"},
				"south": {"uv": [5.5, 0, 13.5, 3], "texture": "#0"},
				"west": {"uv": [5.5, 0, 13.5, 3], "texture": "#0"},
				"up": {"uv": [5, 4, 14.5, 12.5], "rotation": 270, "texture": "#0"}
			}
		},
		{
			"from": [0.5, 9, 15.5],
			"to": [15.5, 15, 15.5],
			"rotation": {"angle": 0, "axis": "y", "origin": [8, 14.5, 8]},
			"faces": {
				"north": {"uv": [5.5, 0, 13.5, 3], "texture": "#0"},
				"east": {"uv": [5.5, 0, 13.5, 3], "texture": "#0"},
				"south": {"uv": [5.5, 0, 13.5, 3], "texture": "#0"},
				"west": {"uv": [5.5, 0, 13.5, 3], "texture": "#0"},
				"up": {"uv": [5, 4, 14.5, 12.5], "rotation": 180, "texture": "#0"}
			}
		},
		{
			"from": [15.5, 9, 0.5],
			"to": [15.5, 15, 15.5],
			"rotation": {"angle": 0, "axis": "y", "origin": [8, 14.5, 8]},
			"faces": {
				"north": {"uv": [5.5, 0, 13.5, 3], "texture": "#0"},
				"east": {"uv": [5.5, 0, 13.5, 3], "texture": "#0"},
				"south": {"uv": [5.5, 0, 13.5, 3], "texture": "#0"},
				"west": {"uv": [5.5, 0, 13.5, 3], "texture": "#0"},
				"up": {"uv": [5, 4, 14.5, 12.5], "rotation": 90, "texture": "#0"}
			}
		},
		{
			"from": [0.5, 15, 0.5],
			"to": [15.5, 15, 15.5],
			"rotation": {"angle": 0, "axis": "y", "origin": [8, 14.5, 8]},
			"faces": {
				"north": {"uv": [5.5, 0, 13.5, 3], "texture": "#0"},
				"east": {"uv": [5.5, 0, 13.5, 3], "texture": "#0"},
				"south": {"uv": [5.5, 0, 13.5, 3], "texture": "#0"},
				"west": {"uv": [5.5, 0, 13.5, 3], "texture": "#0"},
				"up": {"uv": [5, 4, 14.5, 12.5], "rotation": 90, "texture": "#0"},
				"down": {"uv": [5, 4, 14.5, 12.5], "rotation": 270, "texture": "#0"}
			}
		},
		{
			"from": [1.5, 15.01, 1.5],
			"to": [14.5, 15.6, 14.5],
			"rotation": {"angle": 0, "axis": "y", "origin": [8, 14.5, 8]},
			"faces": {
				"north": {"uv": [5, 11.5, 14.5, 12.5], "texture": "#0"},
				"east": {"uv": [5, 11.5, 14.5, 12.5], "texture": "#0"},
				"south": {"uv": [5, 11.5, 14.5, 12.5], "texture": "#0"},
				"west": {"uv": [5, 11.5, 14.5, 12.5], "texture": "#0"},
				"up": {"uv": [5, 4, 14.5, 12.5], "texture": "#0"},
				"down": {"uv": [5, 4, 14.5, 12.5], "texture": "#0"}
			}
		}
	]
}