{
	"credit": "Made with Blockbench",
	"texture_size": [32, 32],
	"textures": {
		"0": "item/custom/paraglider",
		"particle": "item/custom/paraglider"
	},
	"elements": [
		{
			"from": [0, 5, 3],
			"to": [8.2, 6, 4],
			"rotation": {"angle": 22.5, "axis": "z", "origin": [8, 5.5, 8]},
			"faces": {
				"north": {"uv": [8, 1, 12, 1.5], "texture": "#0"},
				"east": {"uv": [12, 3.5, 12.5, 4], "texture": "#0"},
				"south": {"uv": [8, 1.5, 12, 2], "texture": "#0"},
				"west": {"uv": [4, 12, 4.5, 12.5], "texture": "#0"},
				"up": {"uv": [12, 2.5, 8, 2], "texture": "#0"},
				"down": {"uv": [12, 2.5, 8, 3], "texture": "#0"}
			}
		},
		{
			"from": [0, 6, 5],
			"to": [8.625, 7, 8],
			"rotation": {"angle": 22.5, "axis": "z", "origin": [8, 5.5, 8]},
			"faces": {
				"north": {"uv": [3, 7.5, 7.5, 8], "texture": "#0"},
				"east": {"uv": [6, 11, 7.5, 11.5], "texture": "#0"},
				"south": {"uv": [7.5, 7.5, 12, 8], "texture": "#0"},
				"west": {"uv": [7.5, 11, 9, 11.5], "texture": "#0"},
				"up": {"uv": [4.5, 1.5, 0, 0], "texture": "#0"},
				"down": {"uv": [4.5, 1.5, 0, 3], "texture": "#0"}
			}
		},
		{
			"from": [1, 5.5, 8],
			"to": [8.425, 6.5, 11],
			"rotation": {"angle": 22.5, "axis": "z", "origin": [8, 5.5, 8]},
			"faces": {
				"north": {"uv": [8, 4.5, 11.5, 5], "texture": "#0"},
				"east": {"uv": [11, 10.5, 12.5, 11], "texture": "#0"},
				"south": {"uv": [8, 5, 11.5, 5.5], "texture": "#0"},
				"west": {"uv": [11, 11, 12.5, 11.5], "texture": "#0"},
				"up": {"uv": [8, 1.5, 4.5, 0], "texture": "#0"},
				"down": {"uv": [8, 1.5, 4.5, 3], "texture": "#0"}
			}
		},
		{
			"from": [2, 5, 11],
			"to": [8.2, 6, 14.25],
			"rotation": {"angle": 22.5, "axis": "z", "origin": [8, 5.5, 8]},
			"faces": {
				"north": {"uv": [0, 9.5, 3, 10], "texture": "#0"},
				"east": {"uv": [1, 11.5, 2.5, 12], "texture": "#0"},
				"south": {"uv": [3, 9.5, 6, 10], "texture": "#0"},
				"west": {"uv": [11.5, 4.5, 13, 5], "texture": "#0"},
				"up": {"uv": [3, 7.5, 0, 6], "texture": "#0"},
				"down": {"uv": [6, 6, 3, 7.5], "texture": "#0"}
			}
		},
		{
			"from": [1.25, 4.75, 15],
			"to": [8.2, 5.75, 16],
			"rotation": {"angle": 22.5, "axis": "z", "origin": [8, 5.25, 8]},
			"faces": {
				"north": {"uv": [8, 5.5, 11.5, 6], "texture": "#0"},
				"east": {"uv": [12, 4, 12.5, 4.5], "texture": "#0"},
				"south": {"uv": [7, 8, 10.5, 8.5], "texture": "#0"},
				"west": {"uv": [4.5, 12, 5, 12.5], "texture": "#0"},
				"up": {"uv": [6.5, 9, 3, 8.5], "texture": "#0"},
				"down": {"uv": [10, 8.5, 6.5, 9], "texture": "#0"}
			}
		},
		{
			"from": [3, 0.75, 8.525],
			"to": [4, 1.75, 12.725],
			"rotation": {"angle": 0, "axis": "y", "origin": [2.5, 2.46841, 9.29597]},
			"faces": {
				"north": {"uv": [6.5, 12, 7, 12.5], "texture": "#0"},
				"east": {"uv": [0, 10, 2, 10.5], "texture": "#0"},
				"south": {"uv": [7, 12, 7.5, 12.5], "texture": "#0"},
				"west": {"uv": [2, 10, 4, 10.5], "texture": "#0"},
				"up": {"uv": [4.5, 12, 4, 10], "texture": "#0"},
				"down": {"uv": [5, 10, 4.5, 12], "texture": "#0"}
			}
		},
		{
			"from": [2, -0.51142, 3.24303],
			"to": [3, 0.48858, 6.94303],
			"rotation": {"angle": 45, "axis": "x", "origin": [13.5, 2.46841, 9.29597]},
			"faces": {
				"north": {"uv": [7.5, 12, 8, 12.5], "texture": "#0"},
				"east": {"uv": [5, 10, 7, 10.5], "texture": "#0"},
				"south": {"uv": [12, 7.5, 12.5, 8], "texture": "#0"},
				"west": {"uv": [7, 10, 9, 10.5], "texture": "#0"},
				"up": {"uv": [9.5, 12, 9, 10], "texture": "#0"},
				"down": {"uv": [10, 10, 9.5, 12], "texture": "#0"}
			}
		},
		{
			"from": [2.5, 1.25, 6.675],
			"to": [3.5, 2.25, 9.875],
			"rotation": {"angle": 22.5, "axis": "x", "origin": [6, 4.5, 8]},
			"faces": {
				"north": {"uv": [12, 8.5, 12.5, 9], "texture": "#0"},
				"east": {"uv": [11.5, 5, 13, 5.5], "texture": "#0"},
				"south": {"uv": [9, 12, 9.5, 12.5], "texture": "#0"},
				"west": {"uv": [11.5, 5.5, 13, 6], "texture": "#0"},
				"up": {"uv": [3, 13, 2.5, 11.5], "texture": "#0"},
				"down": {"uv": [6.5, 11.5, 6, 13], "texture": "#0"}
			}
		},
		{
			"from": [3.5, -1.5, 8.95],
			"to": [4.5, -0.5, 13.4],
			"rotation": {"angle": -45, "axis": "x", "origin": [6, 4.5, 8]},
			"faces": {
				"north": {"uv": [9.5, 12, 10, 12.5], "texture": "#0"},
				"east": {"uv": [10, 8.5, 12, 9], "texture": "#0"},
				"south": {"uv": [12, 9.5, 12.5, 10], "texture": "#0"},
				"west": {"uv": [10, 10, 12, 10.5], "texture": "#0"},
				"up": {"uv": [0.5, 12.5, 0, 10.5], "texture": "#0"},
				"down": {"uv": [1, 10.5, 0.5, 12.5], "texture": "#0"}
			}
		},
		{
			"from": [11.5, -1.5, 8.95],
			"to": [12.5, -0.5, 13.4],
			"rotation": {"angle": -45, "axis": "x", "origin": [10, 4.5, 8]},
			"faces": {
				"north": {"uv": [10, 12, 9.5, 12.5], "texture": "#0"},
				"east": {"uv": [12, 10, 10, 10.5], "texture": "#0"},
				"south": {"uv": [12.5, 9.5, 12, 10], "texture": "#0"},
				"west": {"uv": [12, 8.5, 10, 9], "texture": "#0"},
				"up": {"uv": [0, 12.5, 0.5, 10.5], "texture": "#0"},
				"down": {"uv": [0.5, 10.5, 1, 12.5], "texture": "#0"}
			}
		},
		{
			"from": [7.8, 5, 3],
			"to": [16, 6, 4],
			"rotation": {"angle": -22.5, "axis": "z", "origin": [8, 5.5, 8]},
			"faces": {
				"north": {"uv": [3, 8, 7, 8.5], "texture": "#0"},
				"east": {"uv": [2, 12.5, 2.5, 13], "texture": "#0"},
				"south": {"uv": [8, 3, 12, 3.5], "texture": "#0"},
				"west": {"uv": [3, 12.5, 3.5, 13], "texture": "#0"},
				"up": {"uv": [12, 4, 8, 3.5], "texture": "#0"},
				"down": {"uv": [12, 4, 8, 4.5], "texture": "#0"}
			}
		},
		{
			"from": [7.375, 6, 5],
			"to": [16, 7, 8],
			"rotation": {"angle": -22.5, "axis": "z", "origin": [8, 5.5, 8]},
			"faces": {
				"north": {"uv": [8, 0, 12.5, 0.5], "texture": "#0"},
				"east": {"uv": [12, 2.5, 13.5, 3], "texture": "#0"},
				"south": {"uv": [8, 0.5, 12.5, 1], "texture": "#0"},
				"west": {"uv": [12, 3, 13.5, 3.5], "texture": "#0"},
				"up": {"uv": [4.5, 4.5, 0, 3], "texture": "#0"},
				"down": {"uv": [4.5, 4.5, 0, 6], "texture": "#0"}
			}
		},
		{
			"from": [7.575, 5.5, 8],
			"to": [15, 6.5, 11],
			"rotation": {"angle": -22.5, "axis": "z", "origin": [8, 5.5, 8]},
			"faces": {
				"north": {"uv": [7, 9, 10.5, 9.5], "texture": "#0"},
				"east": {"uv": [12, 1.5, 13.5, 2], "texture": "#0"},
				"south": {"uv": [9, 7, 12.5, 7.5], "texture": "#0"},
				"west": {"uv": [12, 2, 13.5, 2.5], "texture": "#0"},
				"up": {"uv": [8, 4.5, 4.5, 3], "texture": "#0"},
				"down": {"uv": [8, 4.5, 4.5, 6], "texture": "#0"}
			}
		},
		{
			"from": [7.8, 5, 11],
			"to": [14, 6, 14.25],
			"rotation": {"angle": -22.5, "axis": "z", "origin": [8, 5.5, 8]},
			"faces": {
				"north": {"uv": [6, 9.5, 9, 10], "texture": "#0"},
				"east": {"uv": [1, 12, 2.5, 12.5], "texture": "#0"},
				"south": {"uv": [9, 9.5, 12, 10], "texture": "#0"},
				"west": {"uv": [12, 1, 13.5, 1.5], "texture": "#0"},
				"up": {"uv": [9, 7.5, 6, 6], "texture": "#0"},
				"down": {"uv": [3, 7.5, 0, 9], "texture": "#0"}
			}
		},
		{
			"from": [7.8, 4.75, 15],
			"to": [14.75, 5.75, 16],
			"rotation": {"angle": -22.5, "axis": "z", "origin": [8, 5.25, 8]},
			"faces": {
				"north": {"uv": [0, 9, 3.5, 9.5], "texture": "#0"},
				"east": {"uv": [1, 12.5, 1.5, 13], "texture": "#0"},
				"south": {"uv": [3.5, 9, 7, 9.5], "texture": "#0"},
				"west": {"uv": [1.5, 12.5, 2, 13], "texture": "#0"},
				"up": {"uv": [12.5, 6.5, 9, 6], "texture": "#0"},
				"down": {"uv": [12.5, 6.5, 9, 7], "texture": "#0"}
			}
		},
		{
			"from": [12, 0.75, 8.525],
			"to": [13, 1.75, 12.725],
			"rotation": {"angle": 0, "axis": "y", "origin": [13.5, 2.46841, 9.29597]},
			"faces": {
				"north": {"uv": [0.5, 12.5, 1, 13], "texture": "#0"},
				"east": {"uv": [10.5, 9, 12.5, 9.5], "texture": "#0"},
				"south": {"uv": [12.5, 0.5, 13, 1], "texture": "#0"},
				"west": {"uv": [1, 11, 3, 11.5], "texture": "#0"},
				"up": {"uv": [5.5, 13, 5, 11], "texture": "#0"},
				"down": {"uv": [6, 11, 5.5, 13], "texture": "#0"}
			}
		},
		{
			"from": [13, -0.51142, 3.24303],
			"to": [14, 0.48858, 6.94303],
			"rotation": {"angle": 45, "axis": "x", "origin": [2.5, 2.46841, 9.29597]},
			"faces": {
				"north": {"uv": [0, 12.5, 0.5, 13], "texture": "#0"},
				"east": {"uv": [7, 10.5, 9, 11], "texture": "#0"},
				"south": {"uv": [12.5, 0, 13, 0.5], "texture": "#0"},
				"west": {"uv": [10.5, 8, 12.5, 8.5], "texture": "#0"},
				"up": {"uv": [10.5, 12.5, 10, 10.5], "texture": "#0"},
				"down": {"uv": [11, 10.5, 10.5, 12.5], "texture": "#0"}
			}
		},
		{
			"from": [12.5, 1.25, 6.675],
			"to": [13.5, 2.25, 9.875],
			"rotation": {"angle": 22.5, "axis": "x", "origin": [10, 4.5, 8]},
			"faces": {
				"north": {"uv": [11.5, 12, 12, 12.5], "texture": "#0"},
				"east": {"uv": [6.5, 11.5, 8, 12], "texture": "#0"},
				"south": {"uv": [12, 12, 12.5, 12.5], "texture": "#0"},
				"west": {"uv": [11, 11.5, 12.5, 12], "texture": "#0"},
				"up": {"uv": [8.5, 13, 8, 11.5], "texture": "#0"},
				"down": {"uv": [9, 11.5, 8.5, 13], "texture": "#0"}
			}
		}
	],
	"display": {
		"thirdperson_righthand": {
			"translation": [0, 5, 0]
		},
		"thirdperson_lefthand": {
			"translation": [0, 5, 0]
		},
		"firstperson_righthand": {
			"translation": [0, 5, 0]
		},
		"firstperson_lefthand": {
			"translation": [0, 5, 0]
		},
		"ground": {
			"translation": [0, 6, 0]
		},
		"gui": {
			"rotation": [49.71, 43.36, -13.7],
			"translation": [0.5, 3.75, 0],
			"scale": [0.9, 0.9, 0.9]
		},
		"head": {
			"translation": [0, 11.5, 0]
		}
	}
}